<?xml version="1.0" encoding="utf-8" standalone="no"?>
<SubExp>
    <MulExp>
        <AddExp>
            <IntExp>2</IntExp>
            <IntExp>3</IntExp>
        </AddExp>
        <AddExp>
            <IntExp>1</IntExp>
            <IntExp>3</IntExp>
        </AddExp>
    </MulExp>
    <ExpoExp>
        <SubExp>
            <IntExp>5</IntExp>
            <IntExp>2</IntExp>
        </SubExp>
        <MulExp>
            <IntExp>2</IntExp>
            <IntExp>2</IntExp>
        </MulExp>
    </ExpoExp>
</SubExp>
